<?xml version="1.0" encoding="UTF-8"?>
<project-private xmlns="http://www.netbeans.org/ns/project-private/1">
    <editor-bookmarks xmlns="http://www.netbeans.org/ns/editor-bookmarks/2" lastBookmarkId="0"/>
    <open-files xmlns="http://www.netbeans.org/ns/projectui-open-files/2">
        <group>
            <file>file:/F:/Users/Lab4PC106/Desktop/sqlite/src/sqlite/show.java</file>
            <file>file:/F:/Users/Lab4PC106/Desktop/sqlite/src/sqlite/update.java</file>
            <file>file:/F:/Users/Lab4PC106/Desktop/sqlite/src/sqlite/login.java</file>
            <file>file:/F:/Users/Lab4PC106/Desktop/sqlite/src/sqlite/owner_login.java</file>
            <file>file:/F:/Users/Lab4PC106/Desktop/sqlite/src/sqlite/owner_delete.java</file>
            <file>file:/F:/Users/Lab4PC106/Desktop/sqlite/src/sqlite/home_page.java</file>
            <file>file:/F:/Users/Lab4PC106/Desktop/sqlite/src/sqlite/new_account.java</file>
        </group>
    </open-files>
</project-private>
